Workbook

Sheet Dashboard
A1: Qt Automotive HMI Training — Batch 1 Dashboard
A2: Goal: Build a real-time automotive HMI showing speed, RPM, fuel, temperature using gauges, charts & progress bars
A3: Total Trainees | D3: Departments | G3: Total Topics
A4: =COUNTA(B7:B31) -> 0 | D4: =SUMPRODUCT((C7:C31<>"")/COUNTIF(C7:C31,C7:C31&"")) -> 0 | G4: 10
A6: # | B6: Name | C6: Department | D6: Ph.1 % | E6: Ph.2 % | F6: Ph.3 % | G6: Overall % | H6: Status
A7: 1 | D7: =TraineeProgressTracker!R6 -> 1 | E7: =TraineeProgressTracker!S6 -> 1 | F7: =TraineeProgressTracker!T6 -> 1 | G7: =TraineeProgressTracker!V6 -> 1 | H7: =IF(G7=0,"⏳ Not Started",IF(G7<0.5,"🔄 In Progress",IF(G7<1,"📈 Advanced","✅ Completed"))) -> ✅ Completed
A8: 2 | D8: =TraineeProgressTracker!R7 -> 0 | E8: =TraineeProgressTracker!S7 -> 0 | F8: =TraineeProgressTracker!T7 -> 0 | G8: =TraineeProgressTracker!V7 -> 0 | H8: =IF(G8=0,"⏳ Not Started",IF(G8<0.5,"🔄 In Progress",IF(G8<1,"📈 Advanced","✅ Completed"))) -> ⏳ Not Started
A9: 3 | D9: =TraineeProgressTracker!R8 -> 0 | E9: =TraineeProgressTracker!S8 -> 0 | F9: =TraineeProgressTracker!T8 -> 0 | G9: =TraineeProgressTracker!V8 -> 0 | H9: =IF(G9=0,"⏳ Not Started",IF(G9<0.5,"🔄 In Progress",IF(G9<1,"📈 Advanced","✅ Completed"))) -> ⏳ Not Started
A10: 4 | D10: =TraineeProgressTracker!R9 -> 0 | E10: =TraineeProgressTracker!S9 -> 0 | F10: =TraineeProgressTracker!T9 -> 0 | G10: =TraineeProgressTracker!V9 -> 0 | H10: =IF(G10=0,"⏳ Not Started",IF(G10<0.5,"🔄 In Progress",IF(G10<1,"📈 Advanced","✅ Completed"))) -> ⏳ Not Started
A11: 5 | D11: =TraineeProgressTracker!R10 -> 0 | E11: =TraineeProgressTracker!S10 -> 0 | F11: =TraineeProgressTracker!T10 -> 0 | G11: =TraineeProgressTracker!V10 -> 0 | H11: =IF(G11=0,"⏳ Not Started",IF(G11<0.5,"🔄 In Progress",IF(G11<1,"📈 Advanced","✅ Completed"))) -> ⏳ Not Started
A12: 6 | D12: =TraineeProgressTracker!R11 -> 0 | E12: =TraineeProgressTracker!S11 -> 0 | F12: =TraineeProgressTracker!T11 -> 0 | G12: =TraineeProgressTracker!V11 -> 0 | H12: =IF(G12=0,"⏳ Not Started",IF(G12<0.5,"🔄 In Progress",IF(G12<1,"📈 Advanced","✅ Completed"))) -> ⏳ Not Started
A13: 7 | D13: =TraineeProgressTracker!R12 -> 0 | E13: =TraineeProgressTracker!S12 -> 0 | F13: =TraineeProgressTracker!T12 -> 0 | G13: =TraineeProgressTracker!V12 -> 0 | H13: =IF(G13=0,"⏳ Not Started",IF(G13<0.5,"🔄 In Progress",IF(G13<1,"📈 Advanced","✅ Completed"))) -> ⏳ Not Started
A14: 8 | D14: =TraineeProgressTracker!R13 -> 0 | E14: =TraineeProgressTracker!S13 -> 0 | F14: =TraineeProgressTracker!T13 -> 0 | G14: =TraineeProgressTracker!V13 -> 0 | H14: =IF(G14=0,"⏳ Not Started",IF(G14<0.5,"🔄 In Progress",IF(G14<1,"📈 Advanced","✅ Completed"))) -> ⏳ Not Started
A15: 9 | D15: =TraineeProgressTracker!R14 -> 0 | E15: =TraineeProgressTracker!S14 -> 0 | F15: =TraineeProgressTracker!T14 -> 0 | G15: =TraineeProgressTracker!V14 -> 0 | H15: =IF(G15=0,"⏳ Not Started",IF(G15<0.5,"🔄 In Progress",IF(G15<1,"📈 Advanced","✅ Completed"))) -> ⏳ Not Started
A16: 10 | D16: =TraineeProgressTracker!R15 -> 0 | E16: =TraineeProgressTracker!S15 -> 0 | F16: =TraineeProgressTracker!T15 -> 0 | G16: =TraineeProgressTracker!V15 -> 0 | H16: =IF(G16=0,"⏳ Not Started",IF(G16<0.5,"🔄 In Progress",IF(G16<1,"📈 Advanced","✅ Completed"))) -> ⏳ Not Started
A17: 11 | D17: =TraineeProgressTracker!R16 -> 0 | E17: =TraineeProgressTracker!S16 -> 0 | F17: =TraineeProgressTracker!T16 -> 0 | G17: =TraineeProgressTracker!V16 -> 0 | H17: =IF(G17=0,"⏳ Not Started",IF(G17<0.5,"🔄 In Progress",IF(G17<1,"📈 Advanced","✅ Completed"))) -> ⏳ Not Started
A18: 12 | D18: =TraineeProgressTracker!R17 -> 0 | E18: =TraineeProgressTracker!S17 -> 0 | F18: =TraineeProgressTracker!T17 -> 0 | G18: =TraineeProgressTracker!V17 -> 0 | H18: =IF(G18=0,"⏳ Not Started",IF(G18<0.5,"🔄 In Progress",IF(G18<1,"📈 Advanced","✅ Completed"))) -> ⏳ Not Started
... A31: 25 | D31: =TraineeProgressTracker!R30 -> 0 | E31: =TraineeProgressTracker!S30 -> 0 | F31: =TraineeProgressTracker!T30 -> 0 | G31: =TraineeProgressTracker!V30 -> 0 | H31: =IF(G31=0,"⏳ Not Started",IF(G31<0.5,"🔄 In Progress",IF(G31<1,"📈 Advanced","✅ Completed"))) -> ⏳ Not Started
A32: LEGEND: ⏳ Not Started | 🔄 In Progress (<50%) | 📈 Advanced (50–99%) | ✅ Completed (100%)

Sheet TraineeProgressTracker
A1: Qt Automotive HMI — Topic Tracker
A2: Status: ✅ Completed 🔄 In Progress ⏳ Not Started
C3: Phase 1: Foundation | F3: Phase 2: Intermediate Qt | J3: Phase 3: Advanced Qt | M3: Final Project | Q3: 📊 Summary | W3: 🔗 GitHub Submissions
A4: Name | B4: Department | C4: Week 1 | D4: Week 1 | E4: Week 1 | F4: Week 1 | G4: Week 1 | H4: Week 1 | I4: Week 1 | J4: Week 2 | K4: Week 2 | L4: Week 2 | M4: Week 2 | N4: Week 2 | O4: Week 2 | P4: Week 2 | R4: Phase 1 | S4: Phase 2 | T4: Phase 3 | U4: Final Project | V4: Overall | W4: Phase 1 | X4: Phase 2 | Y4: Phase 3 | Z4: Final HMI
C5: Qt Creator IDE Navigation | D5: Qt Widgets & Layouts | E5: Signals & Slots (C++) | F5: QPainter Custom Drawing | G5: QTimer & Real-time Updates | H5: File I/O & Data Logging | I5: Qt StyleSheets (QSS) | J5: QtCharts (Bar, Line, Pie) | K5: Custom Gauge / Speedometer | L5: Full HMI Integration(Project UI) | M5: Project Planning & Design | N5: Implementation | O5: Testing & Review | P5: Final Demo / Presentation | W5: Personal repo | X5: Personal repo | Y5: Personal repo | Z5: Group repo
C6: ✅ Completed | D6: ✅ Completed | E6: ✅ Completed | F6: ✅ Completed | G6: ✅ Completed | H6: ✅ Completed | I6: ✅ Completed | J6: ✅ Completed | K6: ✅ Completed | L6: ✅ Completed | M6: ✅ Completed | N6: ✅ Completed | O6: ✅ Completed | P6: ✅ Completed | Q6: =COUNTIF(C6:L6,"✅ Completed") -> 10 | R6: =COUNTIF(C6:E6,"✅ Completed")/3 -> 1 | S6: =COUNTIF(F6:I6,"✅ Completed")/4 -> 1 | T6: =COUNTIF(J6:L6,"✅ Completed")/3 -> 1 | U6: =COUNTIF(M6:P6,"✅ Completed")/4 -> 1 | V6: =Q6/10 -> 1
C7: ⏳ Not Started | D7: ⏳ Not Started | E7: ⏳ Not Started | F7: ⏳ Not Started | G7: ⏳ Not Started | H7: ⏳ Not Started | I7: ⏳ Not Started | J7: ⏳ Not Started | K7: ⏳ Not Started | L7: ⏳ Not Started | M7: ⏳ Not Started | N7: ⏳ Not Started | O7: ⏳ Not Started | P7: ⏳ Not Started | Q7: =COUNTIF(C7:L7,"✅ Completed") -> 0 | R7: =COUNTIF(C7:E7,"✅ Completed")/3 -> 0 | S7: =COUNTIF(F7:I7,"✅ Completed")/4 -> 0 | T7: =COUNTIF(J7:L7,"✅ Completed")/3 -> 0 | U7: =COUNTIF(M7:P7,"✅ Completed")/4 -> 0 | V7: =Q7/10 -> 0
C8: ⏳ Not Started | D8: ⏳ Not Started | E8: ⏳ Not Started | F8: ⏳ Not Started | G8: ⏳ Not Started | H8: ⏳ Not Started | I8: ⏳ Not Started | J8: ⏳ Not Started | K8: ⏳ Not Started | L8: ⏳ Not Started | M8: ⏳ Not Started | N8: ⏳ Not Started | O8: ⏳ Not Started | P8: ⏳ Not Started | Q8: =COUNTIF(C8:L8,"✅ Completed") -> 0 | R8: =COUNTIF(C8:E8,"✅ Completed")/3 -> 0 | S8: =COUNTIF(F8:I8,"✅ Completed")/4 -> 0 | T8: =COUNTIF(J8:L8,"✅ Completed")/3 -> 0 | U8: =COUNTIF(M8:P8,"✅ Completed")/4 -> 0 | V8: =Q8/10 -> 0
C9: ⏳ Not Started | D9: ⏳ Not Started | E9: ⏳ Not Started | F9: ⏳ Not Started | G9: ⏳ Not Started | H9: ⏳ Not Started | I9: ⏳ Not Started | J9: ⏳ Not Started | K9: ⏳ Not Started | L9: ⏳ Not Started | M9: ⏳ Not Started | N9: ⏳ Not Started | O9: ⏳ Not Started | P9: ⏳ Not Started | Q9: =COUNTIF(C9:L9,"✅ Completed") -> 0 | R9: =COUNTIF(C9:E9,"✅ Completed")/3 -> 0 | S9: =COUNTIF(F9:I9,"✅ Completed")/4 -> 0 | T9: =COUNTIF(J9:L9,"✅ Completed")/3 -> 0 | U9: =COUNTIF(M9:P9,"✅ Completed")/4 -> 0 | V9: =Q9/10 -> 0
C10: ⏳ Not Started | D10: ⏳ Not Started | E10: ⏳ Not Started | F10: ⏳ Not Started | G10: ⏳ Not Started | H10: ⏳ Not Started | I10: ⏳ Not Started | J10: ⏳ Not Started | K10: ⏳ Not Started | L10: ⏳ Not Started | M10: ⏳ Not Started | N10: ⏳ Not Started | O10: ⏳ Not Started | P10: ⏳ Not Started | Q10: =COUNTIF(C10:L10,"✅ Completed") -> 0 | R10: =COUNTIF(C10:E10,"✅ Completed")/3 -> 0 | S10: =COUNTIF(F10:I10,"✅ Completed")/4 -> 0 | T10: =COUNTIF(J10:L10,"✅ Completed")/3 -> 0 | U10: =COUNTIF(M10:P10,"✅ Completed")/4 -> 0 | V10: =Q10/10 -> 0
C11: ⏳ Not Started | D11: ⏳ Not Started | E11: ⏳ Not Started | F11: ⏳ Not Started | G11: ⏳ Not Started | H11: ⏳ Not Started | I11: ⏳ Not Started | J11: ⏳ Not Started | K11: ⏳ Not Started | L11: ⏳ Not Started | M11: ⏳ Not Started | N11: ⏳ Not Started | O11: ⏳ Not Started | P11: ⏳ Not Started | Q11: =COUNTIF(C11:L11,"✅ Completed") -> 0 | R11: =COUNTIF(C11:E11,"✅ Completed")/3 -> 0 | S11: =COUNTIF(F11:I11,"✅ Completed")/4 -> 0 | T11: =COUNTIF(J11:L11,"✅ Completed")/3 -> 0 | U11: =COUNTIF(M11:P11,"✅ Completed")/4 -> 0 | V11: =Q11/10 -> 0
C12: ⏳ Not Started | D12: ⏳ Not Started | E12: ⏳ Not Started | F12: ⏳ Not Started | G12: ⏳ Not Started | H12: ⏳ Not Started | I12: ⏳ Not Started | J12: ⏳ Not Started | K12: ⏳ Not Started | L12: ⏳ Not Started | M12: ⏳ Not Started | N12: ⏳ Not Started | O12: ⏳ Not Started | P12: ⏳ Not Started | Q12: =COUNTIF(C12:L12,"✅ Completed") -> 0 | R12: =COUNTIF(C12:E12,"✅ Completed")/3 -> 0 | S12: =COUNTIF(F12:I12,"✅ Completed")/4 -> 0 | T12: =COUNTIF(J12:L12,"✅ Completed")/3 -> 0 | U12: =COUNTIF(M12:P12,"✅ Completed")/4 -> 0 | V12: =Q12/10 -> 0
C13: ⏳ Not Started | D13: ⏳ Not Started | E13: ⏳ Not Started | F13: ⏳ Not Started | G13: ⏳ Not Started | H13: ⏳ Not Started | I13: ⏳ Not Started | J13: ⏳ Not Started | K13: ⏳ Not Started | L13: ⏳ Not Started | M13: ⏳ Not Started | N13: ⏳ Not Started | O13: ⏳ Not Started | P13: ⏳ Not Started | Q13: =COUNTIF(C13:L13,"✅ Completed") -> 0 | R13: =COUNTIF(C13:E13,"✅ Completed")/3 -> 0 | S13: =COUNTIF(F13:I13,"✅ Completed")/4 -> 0 | T13: =COUNTIF(J13:L13,"✅ Completed")/3 -> 0 | U13: =COUNTIF(M13:P13,"✅ Completed")/4 -> 0 | V13: =Q13/10 -> 0
C14: ⏳ Not Started | D14: ⏳ Not Started | E14: ⏳ Not Started | F14: ⏳ Not Started | G14: ⏳ Not Started | H14: ⏳ Not Started | I14: ⏳ Not Started | J14: ⏳ Not Started | K14: ⏳ Not Started | L14: ⏳ Not Started | M14: ⏳ Not Started | N14: ⏳ Not Started | O14: ⏳ Not Started | P14: ⏳ Not Started | Q14: =COUNTIF(C14:L14,"✅ Completed") -> 0 | R14: =COUNTIF(C14:E14,"✅ Completed")/3 -> 0 | S14: =COUNTIF(F14:I14,"✅ Completed")/4 -> 0 | T14: =COUNTIF(J14:L14,"✅ Completed")/3 -> 0 | U14: =COUNTIF(M14:P14,"✅ Completed")/4 -> 0 | V14: =Q14/10 -> 0
C15: ⏳ Not Started | D15: ⏳ Not Started | E15: ⏳ Not Started | F15: ⏳ Not Started | G15: ⏳ Not Started | H15: ⏳ Not Started | I15: ⏳ Not Started | J15: ⏳ Not Started | K15: ⏳ Not Started | L15: ⏳ Not Started | M15: ⏳ Not Started | N15: ⏳ Not Started | O15: ⏳ Not Started | P15: ⏳ Not Started | Q15: =COUNTIF(C15:L15,"✅ Completed") -> 0 | R15: =COUNTIF(C15:E15,"✅ Completed")/3 -> 0 | S15: =COUNTIF(F15:I15,"✅ Completed")/4 -> 0 | T15: =COUNTIF(J15:L15,"✅ Completed")/3 -> 0 | U15: =COUNTIF(M15:P15,"✅ Completed")/4 -> 0 | V15: =Q15/10 -> 0
C16: ⏳ Not Started | D16: ⏳ Not Started | E16: ⏳ Not Started | F16: ⏳ Not Started | G16: ⏳ Not Started | H16: ⏳ Not Started | I16: ⏳ Not Started | J16: ⏳ Not Started | K16: ⏳ Not Started | L16: ⏳ Not Started | M16: ⏳ Not Started | N16: ⏳ Not Started | O16: ⏳ Not Started | P16: ⏳ Not Started | Q16: =COUNTIF(C16:L16,"✅ Completed") -> 0 | R16: =COUNTIF(C16:E16,"✅ Completed")/3 -> 0 | S16: =COUNTIF(F16:I16,"✅ Completed")/4 -> 0 | T16: =COUNTIF(J16:L16,"✅ Completed")/3 -> 0 | U16: =COUNTIF(M16:P16,"✅ Completed")/4 -> 0 | V16: =Q16/10 -> 0
C17: ⏳ Not Started | D17: ⏳ Not Started | E17: ⏳ Not Started | F17: ⏳ Not Started | G17: ⏳ Not Started | H17: ⏳ Not Started | I17: ⏳ Not Started | J17: ⏳ Not Started | K17: ⏳ Not Started | L17: ⏳ Not Started | M17: ⏳ Not Started | N17: ⏳ Not Started | O17: ⏳ Not Started | P17: ⏳ Not Started | Q17: =COUNTIF(C17:L17,"✅ Completed") -> 0 | R17: =COUNTIF(C17:E17,"✅ Completed")/3 -> 0 | S17: =COUNTIF(F17:I17,"✅ Completed")/4 -> 0 | T17: =COUNTIF(J17:L17,"✅ Completed")/3 -> 0 | U17: =COUNTIF(M17:P17,"✅ Completed")/4 -> 0 | V17: =Q17/10 -> 0
... C30: ⏳ Not Started | D30: ⏳ Not Started | E30: ⏳ Not Started | F30: ⏳ Not Started | G30: ⏳ Not Started | H30: ⏳ Not Started | I30: ⏳ Not Started | J30: ⏳ Not Started | K30: ⏳ Not Started | L30: ⏳ Not Started | M30: ⏳ Not Started | N30: ⏳ Not Started | O30: ⏳ Not Started | P30: ⏳ Not Started | Q30: =COUNTIF(C30:L30,"✅ Completed") -> 0 | R30: =COUNTIF(C30:E30,"✅ Completed")/3 -> 0 | S30: =COUNTIF(F30:I30,"✅ Completed")/4 -> 0 | T30: =COUNTIF(J30:L30,"✅ Completed")/3 -> 0 | U30: =COUNTIF(M30:P30,"✅ Completed")/4 -> 0 | V30: =Q30/10 -> 0

Sheet Qt_Training_Plan
A1: Qt Automotive HMI — 10-Day Training Plan
A2: Project: Build a Qt application showing real-time car telemetry (speed, RPM, fuel, temperature) using gauges, charts & progress bars
A3: Phase | B3: Day | C3: Module | D3: Qt Module | E3: Level | F3: Subtopics / Concepts | G3: Hrs | H3: Primary Resource | I3: Alternate Resource
A4: Phase 1: Foundation | B4: Day 1 | C4: Qt Creator IDE Navigation | D4: Qt Core | E4: INTERMEDIATE | F4: IDE tour, project explorer, designer mode, kits (MSVC/MinGW), build & run, debugger basics | G4: ~3 hrs | H4: https://github.com/ManeParag/Qt_Automotive_Training/tree/main/01-qt-creator-ide | I4: https://www.youtube.com/watch?v=Y1c-ieVO-UY&list=PLS1QulWo1RIZiBcTr5urECberTITj7gjA&index=4
B5: Day 1-2 | C5: Qt Widgets & Layouts | D5: Qt Widgets | E5: INTERMEDIATE | F5: QWidget, QPushButton, QLabel, QProgressBar; QHBoxLayout / QVBoxLayout / QGridLayout, QSplitter, Spacer | G5: ~3 hrs | H5: https://github.com/ManeParag/Qt_Automotive_Training/tree/main/02-qt-widgets-layouts | I5: https://www.youtube.com/watch?v=gWa2rqe8l6E&list=PLS1QulWo1RIZiBcTr5urECberTITj7gjA&index=7
B6: Day 3 | C6: Signals & Slots (C++) | D6: Qt Core | E6: ADVANCED | F6: connect() Qt5/Qt6 syntax, custom signals, custom slots, lambdas, parameterized signals | G6: ~2 hrs | H6: https://github.com/ManeParag/Qt_Automotive_Training/tree/main/03-signals-and-slots | I6: https://www.youtube.com/watch?v=F56fSKoNCtk&list=PLS1QulWo1RIZiBcTr5urECberTITj7gjA&index=5
A7: Phase 2: Intermediate Qt | B7: Day 4 | C7: QPainter Custom Drawing | D7: Qt GUI | E7: INTERMEDIATE | F7: QPainter, paintEvent override, drawing primitives (line, arc, ellipse, text), pens/brushes, anti-aliasing, transforms | G7: ~2 hrs | H7: https://github.com/ManeParag/Qt_Automotive_Training/tree/main/04-QPainter-Custom-Drawing | I7: https://doc.qt.io/qt-6/paintsystem.html
B8: Day 5 | C8: QTimer & Real-time Updates | D8: Qt Core | E8: ADVANCED | F8: QTimer (single-shot / interval), driving widget updates, sensor simulation pattern, performance tips | G8: ~2 hrs | H8: https://github.com/ManeParag/Qt_Automotive_Training/tree/main/05-QTimer-QThread-Real-time-Updates | I8: https://doc.qt.io/qt-6/timers.html
B9: Day 6 | C9: File I/O & Data Logging | D9: Qt Charts | E9: ADVANCED | F9: QChartView, QLineSeries, QBarSeries, QPieSeries, axes, scrolling line chart for telemetry | G9: ~2.5 hrs | H9: https://github.com/ManeParag/Qt_Automotive_Training/tree/main/06-File-IO-Data-Logging | I9: https://doc.qt.io/qt-6/qtcharts-overview.html
B10: Day 7 | C10: Qt StyleSheets (QSS) | D10: Qt GUI | E10: ADVANCED | F10: Building a circular speedometer/RPM gauge with QPainter + QTimer, animated needle, redline zone, value-to-angle math | G10: ~2.5 hrs | H10: https://github.com/ManeParag/Qt_Automotive_Training/tree/main/07-Qt-StyleSheets-QSS | I10: https://wiki.qt.io/Custom_Painting
A11: Phase 3: Advanced Qt | B11: Day 8 | C11: QtCharts (Bar, Line) | D11: Qt Core | E11: INTERMEDIATE | F11: QFile, QTextStream, CSV logging of telemetry, replay from log file, QFileDialog for export | G11: ~2 hrs | H11: https://github.com/ManeParag/Qt_Automotive_Training/tree/main/08-QtCharts | I11: https://doc.qt.io/qt-6/qtextstream.html
B12: Day 9 | C12: Custom Gauge / Speedometer | D12: Qt Widgets | E12: INTERMEDIATE | F12: QSS syntax, selectors, pseudo-states, applying an automotive dark theme with accent colours | G12: ~1.5 hrs | H12: https://github.com/ManeParag/Qt_Automotive_Training/tree/main/10-Final-Projects | I12: https://doc.qt.io/qt-6/stylesheet-examples.html
B13: Day 10 | C13: Full HMI Integration(Project UI) | D13: All Modules | E13: BASIC→MID | F13: Combine all topics into a working automotive HMI dashboard: speedometer + RPM gauge + fuel/temp progress bars + speed-history line chart + trip bar chart + data logging + theme | G13: Full day | H13: https://github.com/ManeParag/Qt_Automotive_Training/tree/main/10-Final-Projects | I13: https://wiki.qt.io/Qt_for_Automotive
A14: 🚗 FINAL DELIVERABLE (Day 10): Automotive HMI Dashboard — speedometer + RPM gauge + fuel/temperature progress bars + speed-history line chart + trip bar chart + CSV data logging + automotive QSS theme | Group of 3-4

Sheet Qt_Practice_Tasks
A1: Qt Automotive HMI — Topic-Wise Practice Tasks
A2: Each candidate completes the daily task before moving on. Tasks build progressively toward the final HMI dashboard.
A3: Sr.No | B3: Day | C3: Module | D3: Task Title | E3: Task Description | F3: Reference
A4: 1 | B4: Day 1 | C4: Qt Creator IDE Navigation | D4: HMI Project Skeleton | E4: Create a new Qt Widgets application named AutoHMI. Add a QMainWindow or QDialog, build and run the application successfully. Explore Qt Creator sections such as Projects, Edit, Design, and Debug modes. Submit a screenshot of the running empty application window.
A5: 2 | B5: Day 1-2 | C5: Qt Widgets & Layouts | D5: Dashboard Layout Mockup | E5: Design a static automotive dashboard UI using Qt Widgets only. Create left, center, and right panels using QHBoxLayout/QGridLayout. Add placeholder widgets for speedometer, fuel bar, battery level, and chart area. No logic implementation required.
A6: 3 | B6: Day 3 | C6: Signals & Slots (C++) | D6: Manual Sensor Simulator | E6: Add a QPushButton (Simulate) and QSlider for speed control. Use signals and slots to update a QLabel showing speed value and a QProgressBar representing fuel level whenever the slider value changes.
A7: 4 | B7: Day 4 | C7: QPainter Custom Drawing | D7: Dial Face Widget | E7: Create a custom QWidget using QPainter to draw a circular speedometer dial. Draw outer arc, tick marks every 20 km/h, speed labels, and enable anti-aliasing. Do not add needle animation yet.
A8: 5 | B8: Day 5 | C8: QTimer & Real-time Updates | D8: Live Speed Stream | E8: Use QTimer to generate simulated speed values every 100 ms. Update speed QLabel and fuel QProgressBar continuously using random or incremental values. Ensure the UI remains smooth and responsive.
A9: 6 | B9: Day 6 | C9: File I/O & Data Logging | D9: Telemetry CSV Logger | E9: Log timestamp, speed, fuel level, RPM, and temperature data into a .csv file using QFile and QTextStream. Add buttons for Start Logging, Stop Logging, and Export CSV. Bonus: display saved log data in QTextEdit.
A10: 7 | B10: Day 7 | C10: Qt StyleSheets (QSS) | D10: Speedometer Widget | E10: Apply a modern automotive dark theme using QSS. Style QLabel, QPushButton, QFrame, and QProgressBar with dark backgrounds, cyan/green highlights, rounded borders, and hover effects. Add styling for warning/redline indicators.
A11: 8 | B11: Day 8 | C11: QtCharts (Bar, Line) | D11: Telemetry Charts | E11: Add Qt Charts support using QChartView. Create a QLineSeries showing speed history and a QBarSeries showing fuel consumption or trip statistics. Use static or simulated data for visualization.
A12: 9 | B12: Day 9 | C12: Custom Gauge / Speedometer | D12: Automotive Dark Theme | E12: Create a fully functional custom speedometer widget using QPainter and QTimer. Add rotating needle animation, speed text, redline warning zone above 180 km/h, and dark automotive dashboard styling. Optional: create a second RPM gauge widget.
A13: 10 | B13: Day 10 | C13: Full HMI Integration | D13: 🚗 Final HMI Dashboard | E13: Integrate everything: Speedometer + RPM gauge + Fuel & Temperature QProgressBars + Speed-history line chart + Trip bar chart + CSV logging + automotive QSS theme. Group submission. Live demo on Day 10 afternoon. | F13: https://doc.qt.io/qt-6/qtexamplesandtutorials.html

Sheet Qt_LearningMaterial
A1: Qt Learning Material — Reference Resources
A2: Resource Name | B2: Type | C2: Link
A3: Qt 6 Official Documentation | B3: Documentation | C3: https://doc.qt.io/qt-6/
A4: Qt Creator Manual | B4: Documentation | C4: https://doc.qt.io/qtcreator/
A5: Qt Charts Overview | B5: Documentation | C5: https://doc.qt.io/qt-6/qtcharts-index.html
A6: Qt for Automotive (Wiki) | B6: Documentation | C6: https://wiki.qt.io/Qt_for_Automotive
A7: Qt Style Sheets Reference | B7: Documentation | C7: https://doc.qt.io/qt-6/stylesheet-reference.html
A8: Qt Style Sheet Examples | B8: Documentation | C8: https://doc.qt.io/qt-6/stylesheet-examples.html
A9: Analog Clock (QPainter Example) | B9: Tutorial | C9: https://doc.qt.io/qt-6/qtwidgets-painting-analogclock-example.html
A10: Qt Charts Examples | B10: Tutorial | C10: https://doc.qt.io/qt-6/qtcharts-examples.html
A11: ProgrammingKnowledge (YouTube) | B11: Video | C11: https://www.youtube.com/watch?v=EkjaiDsiM-Q&list=PLS1QulWo1RIZiBcTr5urECberTITj7gjA
A12: VoidRealms Qt 6 (YouTube) | B12: Video | C12: https://www.youtube.com/watch?v=nscgFv4l53w&list=PLUbFnGajtZlXbrbdlraCe3LMC_YH5abao
A13: KDAB (YouTube — pro tips) | B13: Video | C13: https://www.youtube.com/watch?v=g7yijWiZTmI&list=PL6CJYn40gN6iFcTyItvnE5nOmJR8qk_7o
... A16: Udem | B16: Video | C16: https://www.udemy.com/topic/qt-framework/?srsltid=AfmBOooJtU-UiN7HbloylG4gxqs1o_-RZ67d_TCnNNR279QzbVAUu-Gj
A19: Activities Planned Under Training
A20: Daily Tutorials | B20: Qt official docs + curated YouTube videos
A21: Topic-wise Practice Tasks | B21: One automotive-themed coding task per day (Day 1-9)
A22: Day 3 Quiz | B22: MCQ on Foundation phase (Qt Creator, Widgets, Signals/Slots)
A23: Day 5 Mid Assessment | B23: Hands-on coding test — build a working live-updating widget
A24: Day 7 Quiz | B24: MCQ on Visualization phase (QPainter, QTimer, QtCharts, Gauges)
A25: Day 10 Final HMI Project | B25: Group of 3-4 — full automotive HMI dashboard
A26: Code Review & Demo | B26: Peer + mentor review on Day 10

Sheet Qt_FinalProject(Optional)
A1: 🚗 Day 10 Final Project — Automotive HMI Dashboard
A2: Group of 3-4 trainees | Build a complete Qt application showing real-time car data using gauges, progress bars and charts | Logged to CSV | Themed with QSS
A3: ✅ MUST HAVE: Speedometer • RPM gauge • Fuel QProgressBar • Temperature QProgressBar • Speed-history line chart • CSV data logging • Automotive QSS theme 🌟 BONUS: Light/Dark toggle • Replay from CSV • Pie chart (fuel mix) • Warning indicators
A4: Sr.No | B4: Group | C4: Members | D4: Variant Focus | E4: Description | F4: Peer Review | G4: Peer Status | H4: Final Status | I4: GitHub Repo
A5: 1 | B5: Group 1 | D5: ICE Vehicle Dashboard | E5: Petrol/diesel car: RPM gauge prominent, fuel + engine-temp + oil-pressure indicators, gear position display | G5: ⏳ Not Started | H5: ⏳ Not Started
A6: 2 | B6: Group 2 | D6: EV Dashboard | E6: Battery State-of-Charge progress bar, regen-braking indicator, range-remaining label, motor-temp gauge instead of RPM | G6: ⏳ Not Started | H6: ⏳ Not Started
A7: 3 | B7: Group 3 | D7: Hybrid Dashboard | E7: Combine ICE + EV: power-flow visualization, mode selector (EV / Hybrid / Sport), separate fuel + battery bars | G7: ⏳ Not Started | H7: ⏳ Not Started
A8: 4 | B8: Group 4 | D8: Performance / Sport | E8: Lap-timer, 0-100 km/h tracker, G-force indicator (custom QPainter widget), redline RPM warning | G8: ⏳ Not Started | H8: ⏳ Not Started
A9: 5 | B9: Group 5 | D9: Truck / Heavy-Vehicle | E9: Air-pressure gauges, multi-axle temperature monitoring, large readable fonts, payload indicator | G9: ⏳ Not Started | H9: ⏳ Not Started
A10: 6 | B10: Group 6 | D10: Diagnostics (OBD-II style) | E10: Live engine RPM, coolant temp, fuel trim, error-code list panel, log-export priority | G10: ⏳ Not Started | H10: ⏳ Not Started
A11: 7 | B11: Group 7 | D11: (open slot) | E11: Group selects own automotive variant (subject to mentor approval) | G11: ⏳ Not Started | H11: ⏳ Not Started
